"","PLAYER_NAME","YEAR","POS","MIN","GP","PER","WS","TS_PCT","PTS","FTA","TD3"
"1","Steven Adams","2019-2020","C",26.9655172413793,58,20.8,6.2,0.605,11,3.2,0
"2","Bam Adebayo","2019-2020","PF",34.3846153846154,65,20.6,8.1,0.606,16.3,5.3,3
"3","LaMarcus Aldridge","2019-2020","C",33.0943396226415,53,19.8,4.5,0.571,18.9,3.6,0
"4","Nickeil Alexander-Walker","2019-2020","SG",12.219512195122,41,7.6,-0.3,0.441,5.4,0.7,0
"5","Grayson Allen","2019-2020","SG",16.7741935483871,31,11.1,0.7,0.577,7.5,1.2,0
"6","Jarrett Allen","2019-2020","C",25.7538461538462,65,20.4,7.2,0.66,10.9,3.7,0
"7","Al-Farouq Aminu","2019-2020","PF",21.1111111111111,18,7.6,0.1,0.395,4.3,1.6,0
"8","Kyle Anderson","2019-2020","PF",19.3,60,12.7,2.2,0.538,5.7,1.1,0
"9","Giannis Antetokounmpo","2019-2020","PF",30.948275862069,58,31.8,10.7,0.61,29.9,10,4
"10","Carmelo Anthony","2019-2020","PF",32.5490196078431,51,12.3,1.1,0.523,15.3,2.7,0
"11","OG Anunoby","2019-2020","SF",30.1111111111111,63,13.2,5.1,0.598,10.9,1.4,0
"12","Ryan Arcidiacono","2019-2020","PG",16.0344827586207,58,9,1.4,0.551,4.5,0.7,0
"13","Trevor Ariza","2019-2020","SF",28.1698113207547,53,11,2.6,0.593,8,1.4,0
"14","D.J. Augustin","2019-2020","PG",24.84,50,14.1,2.6,0.549,10.4,3.1,0
"15","Deandre Ayton","2019-2020","C",33.258064516129,31,20.8,2.7,0.579,18.8,2.5,0
"16","Dwayne Bacon","2019-2020","SG",17.6153846153846,39,6.1,-0.8,0.419,5.7,1.4,0
"17","Lonzo Ball","2019-2020","PG",32.3508771929825,57,13.4,2.5,0.521,12.2,1.2,3
"18","Mo Bamba","2019-2020","C",14.2950819672131,61,17.6,2.5,0.544,5.4,0.7,0
"19","J.J. Barea","2019-2020","PG",15.0384615384615,26,14.9,0.7,0.519,7.5,0.7,0
"20","Harrison Barnes","2019-2020","PF",34.8769230769231,65,13.3,4.3,0.577,14.6,3.8,0
"21","RJ Barrett","2019-2020","SG",30.4285714285714,56,10.7,-0.5,0.479,14.3,4.5,0
"22","Will Barton","2019-2020","SF",33.0344827586207,58,15.7,4.5,0.549,15.1,2.3,0
"23","Keita Bates-Diop","2019-2020","SF",17.0512820512821,39,12.6,1.1,0.541,6.5,1.7,0
"24","Nicolas Batum","2019-2020","SF",22.9545454545455,22,9.2,0.6,0.463,3.6,0.5,0
"25","Aron Baynes","2019-2020","C",22.2380952380952,42,15.1,2,0.581,11.5,1.8,0
"26","Kent Bazemore","2019-2020","SF-SG",25.0307692307692,65,9.4,0.7,0.499,8.7,2.2,0
"27","Darius Bazley","2019-2020","PF",17.1509433962264,53,8.1,0.4,0.475,4.6,0.9,0
"28","Bradley Beal","2019-2020","SG",36.0175438596491,57,23.1,5.1,0.579,30.5,8,0
"29","Malik Beasley","2019-2020","SG",21.9818181818182,55,12.7,1.3,0.546,11.2,1.2,0
"30","Marco Belinelli","2019-2020","SG",14.9811320754717,53,10.4,0.7,0.523,5.8,0.9,0
"31","DeAndre' Bembry","2019-2020","SG",21.2790697674419,43,9.6,0.2,0.5,5.8,1.1,0
"32","Davis Bertans","2019-2020","PF",29.3148148148148,54,15.5,3.5,0.628,15.4,2.3,0
"33","Patrick Beverley","2019-2020","PG",26.8367346938776,49,12.3,3.5,0.556,8,0.9,0
"34","Khem Birch","2019-2020","C",19.3658536585366,41,10.7,1.7,0.539,4,1.9,0
"35","Bismack Biyombo","2019-2020","C",19.4150943396226,53,16.1,2.4,0.57,7.4,2.8,0
"36","Nemanja Bjelica","2019-2020","PF",28.4923076923077,65,15.6,4.8,0.598,11.7,1.1,0
"37","Eric Bledsoe","2019-2020","PG",27.2142857142857,56,18.1,5.3,0.579,15.4,3.4,0
"38","Bogdan Bogdanovic","2019-2020","SG",28.5555555555556,54,14.6,2.5,0.564,14.6,2,0
"39","Bojan Bogdanovic","2019-2020","SF",33.0634920634921,63,15.7,4.3,0.603,20.2,4.4,0
"40","Isaac Bonga","2019-2020","SF",17.7627118644068,59,10.6,1.7,0.624,4.7,1.2,0
"41","Devin Booker","2019-2020","SG",36.1428571428571,63,19.7,6.1,0.615,26.2,7.2,0
"42","Chris Boucher","2019-2020","PF",13.1636363636364,55,19.8,3.2,0.57,6.2,1.8,0
"43","Ky Bowman","2019-2020","PG",22.5555555555556,45,9.1,-0.1,0.494,7.4,0.9,0
"44","Avery Bradley","2019-2020","SG",24.2040816326531,49,8.9,1.6,0.537,8.6,0.5,0
"45","Mikal Bridges","2019-2020","SF",27.3636363636364,66,12.9,4.2,0.623,8.7,1.7,0
"46","Miles Bridges","2019-2020","SF",30.6923076923077,65,12.1,1.6,0.52,13,2,0
"47","Malcolm Brogdon","2019-2020","PG",30.6666666666667,48,17.8,3.5,0.537,16.3,3.4,0
"48","Dillon Brooks","2019-2020","SG",28.5909090909091,66,11.1,0.9,0.507,15.7,2.7,0
"49","Bruce Brown","2019-2020","SG",28.1724137931034,58,11.9,2.1,0.518,8.9,2.1,0
"50","Jaylen Brown","2019-2020","SF",34.0392156862745,51,17.1,4.6,0.589,20.7,4.4,0
"51","Sterling Brown","2019-2020","SF",14.9565217391304,46,9.3,1,0.475,4.8,0.8,0
"52","Troy Brown Jr.","2019-2020","SG",24.9354838709677,62,13.7,2.2,0.536,10,2,0
"53","Jalen Brunson","2019-2020","PG",17.9298245614035,57,14.9,2.3,0.553,8.2,1.3,0
"54","Thomas Bryant","2019-2020","C",23.9487179487179,39,19.7,2.9,0.65,12.5,2.5,0
"55","Reggie Bullock","2019-2020","SG",23.5862068965517,29,9.3,0.5,0.502,8.1,0.7,0
"56","Trey Burke","2019-2020","PG",13.8076923076923,26,17.7,1.2,0.586,6.7,0.7,0
"57","Alec Burks","2019-2020","SG",27.3220338983051,59,16,2.9,0.549,15,4.2,0
"58","Jimmy Butler","2019-2020","SF",34.2777777777778,54,23.4,8.5,0.583,20.3,9.1,3
"59","Kentavious Caldwell-Pope","2019-2020","SG",25.515625,64,11.3,3.8,0.587,9.4,1.5,0
"60","Clint Capela","2019-2020","C",32.7948717948718,39,20.7,4.9,0.626,13.9,2.7,0
"61","Jevon Carter","2019-2020","PG",15.2745098039216,51,10.3,1.1,0.536,4.7,0.5,0
"62","Vince Carter","2019-2020","SF",14.6,60,7.6,-0.2,0.47,5,0.5,0
"63","Wendell Carter Jr.","2019-2020","C",29.2093023255814,43,15.5,3.3,0.59,11.3,3.5,0
"64","Michael Carter-Williams","2019-2020","SG",18.4883720930233,43,15.2,1.8,0.532,7.3,2.1,0
"65","Alex Caruso","2019-2020","PG",17.9661016949153,59,10.9,2.3,0.533,5.6,1.4,0
"66","Willie Cauley-Stein","2019-2020","C",20.3148148148148,54,17,2.9,0.589,7.2,1.2,0
"67","Wilson Chandler","2019-2020","SF",20.9714285714286,35,7.4,0.7,0.531,5.9,0.7,0
"68","Chris Chiozza","2019-2020","PG",12.0909090909091,22,12,0.4,0.501,4.3,0.1,0
"69","Marquese Chriss","2019-2020","PF",20.271186440678,59,19.5,3.4,0.604,9.3,2.6,0
"70","Gary Clark","2019-2020","PF",12.1666666666667,18,8.7,0.3,0.501,3.2,0.2,0
"71","Brandon Clarke","2019-2020","PF",21.9607843137255,51,22.1,4.6,0.677,12.1,2,0
"72","Jordan Clarkson","2019-2020","SG",24.359375,64,18,3.6,0.583,15.2,2.4,0
"73","John Collins","2019-2020","PF",33.2439024390244,41,23.5,4.9,0.659,21.6,3.7,0
"74","Mike Conley","2019-2020","PG",28.6904761904762,42,13.8,2.2,0.529,13.9,2.9,0
"75","Pat Connaughton","2019-2020","SG",18.344262295082,61,11.2,3,0.558,5.1,0.6,0
"76","Robert Covington","2019-2020","PF",30.3015873015873,63,13.6,3.4,0.567,12.8,1.8,0
"77","Allen Crabbe","2019-2020","SG",17.6486486486486,37,6,-0.1,0.47,4.6,0.4,0
"78","Torrey Craig","2019-2020","SF",17.38,50,10.4,1.7,0.559,5.1,0.6,0
"79","Jae Crowder","2019-2020","SF",29.2241379310345,58,12.1,3.1,0.532,10.4,2.1,0
"80","Jarrett Culver","2019-2020","SG",23.9047619047619,63,9.6,-0.1,0.467,9.2,1.9,0
"81","Seth Curry","2019-2020","SG",24.5166666666667,60,15.8,4.2,0.645,12.5,1.6,0
"82","Anthony Davis","2019-2020","PF",34.375,56,28.1,10.5,0.614,26.6,8.5,0
"83","Terence Davis","2019-2020","SG",16.984375,64,14.5,3,0.598,7.7,0.8,0
"84","Dewayne Dedmon","2019-2020","C",17.5909090909091,44,9.4,0.1,0.473,5.8,0.8,0
"85","Matthew Dellavedova","2019-2020","PG",14.4035087719298,57,8.1,0.2,0.463,3.1,0.6,0
"86","DeMar DeRozan","2019-2020","SF",34.3387096774194,62,21.4,6.4,0.6,22.1,6.6,0
"87","Hamidou Diallo","2019-2020","SF",18.3947368421053,38,8.4,0.2,0.488,6.2,1.2,0
"88","Gorgui Dieng","2019-2020","C",17.448275862069,58,17.4,2.7,0.564,7.4,1.4,0
"89","Spencer Dinwiddie","2019-2020","SG",31.15625,64,17.9,5,0.541,20.6,7,0
"90","Donte DiVincenzo","2019-2020","SG",23.1333333333333,60,14.9,4.5,0.57,9.4,1.3,0
"91","Luka Doncic","2019-2020","PG",33.4727272727273,55,27.3,7.9,0.581,28.9,9.3,15
"92","Luguentz Dort","2019-2020","SG",21.9655172413793,29,7.3,0.7,0.521,6.2,1.2,0
"93","Damyean Dotson","2019-2020","SG",17.4166666666667,48,10.9,0.9,0.527,6.7,0.7,0
"94","Sekou Doumbouya","2019-2020","SF",19.8421052631579,38,6.2,-0.3,0.474,6.4,1.2,0
"95","Goran Dragic","2019-2020","PG",28.3518518518519,54,15.9,3,0.571,16,4.2,0
"96","Andre Drummond","2019-2020","C",32.9649122807018,57,22,4.2,0.553,17.7,5.2,0
"97","Kris Dunn","2019-2020","PG",24.8823529411765,51,12.1,2.3,0.51,7.3,1.1,0
"98","Wayne Ellington","2019-2020","SG",15.5,36,8.5,0.4,0.509,5.1,0.4,0
"99","Joel Embiid","2019-2020","C",30.2045454545455,44,26,5.6,0.593,23.8,8.8,0
"100","James Ennis III","2019-2020","SF",17.3870967741935,62,11.6,2.2,0.563,6.1,1.3,0
"101","Jacob Evans","2019-2020","SG",14.4137931034483,29,5.5,-0.5,0.436,4.4,1,0
"102","Dante Exum","2019-2020","SG",13.8571428571429,35,10.4,0.4,0.576,4.5,1.2,0
"103","Derrick Favors","2019-2020","C",24.304347826087,46,18.7,3.8,0.622,9.1,1.4,0
"104","Cristiano Felicio","2019-2020","PF",17.5454545454545,22,12.8,1,0.671,3.9,1,0
"105","Terrance Ferguson","2019-2020","SF",23.4,50,4.1,0.7,0.504,4.1,0.4,0
"106","Bruno Fernando","2019-2020","C",12.7321428571429,56,11.9,0.8,0.542,4.3,0.9,0
"107","Dorian Finney-Smith","2019-2020","PF",29.6307692307692,65,12.1,4.4,0.595,9.2,1.5,0
"108","Bryn Forbes","2019-2020","SG",25.0634920634921,63,11.2,1.5,0.57,11.2,1.4,0
"109","Evan Fournier","2019-2020","SG",31.5483870967742,62,16.9,4.6,0.602,18.7,3.3,0
"110","De'Aaron Fox","2019-2020","PG",31.8260869565217,46,20.6,3.6,0.556,20.7,6.7,0
"111","Tim Frazier","2019-2020","PG",13.1481481481481,27,9.8,0.1,0.464,3.6,0.9,0
"112","Markelle Fultz","2019-2020","PG",28.1846153846154,65,14.4,2.7,0.522,12,2.2,1
"113","Daniel Gafford","2019-2020","C",14.1627906976744,43,16.2,1.8,0.686,5.1,1.4,0
"114","Danilo Gallinari","2019-2020","PF",30.7272727272727,55,19.4,5.7,0.611,19.1,4.8,0
"115","Langston Galloway","2019-2020","SG",25.7878787878788,66,12.3,3.1,0.584,10.3,1.3,0
"116","Darius Garland","2019-2020","PG",30.9152542372881,59,8.5,-1.3,0.498,12.3,1.2,0
"117","Marc Gasol","2019-2020","C",27.5,36,11.9,2.7,0.546,7.6,1,0
"118","Rudy Gay","2019-2020","PF",21.5245901639344,61,14.6,1.5,0.547,10.2,1.9,0
"119","Paul George","2019-2020","SF",29.2093023255814,43,20.6,4.1,0.587,21.3,4.5,0
"120","Taj Gibson","2019-2020","C",16.5322580645161,62,16.1,2.6,0.61,6.1,0.9,0
"121","Harry Giles III","2019-2020","PF",14.9487179487179,39,16.3,1.4,0.586,7.3,1.2,0
"122","Shai Gilgeous-Alexander","2019-2020","SG",35.1428571428571,63,17.9,5.5,0.566,19.3,5,1
"123","Rudy Gobert","2019-2020","C",34.5396825396825,63,21.6,10.1,0.698,15,5.8,0
"124","Brandon Goodwin","2019-2020","PG",12.6470588235294,34,11.7,0.1,0.507,6.1,0.9,0
"125","Aaron Gordon","2019-2020","PF",32.8813559322034,59,14.8,3.4,0.512,14.4,3.6,1
"126","Eric Gordon","2019-2020","SG",28.5882352941176,34,10.5,0.7,0.511,14.5,3,0
"127","Devonte' Graham","2019-2020","PG",35.0952380952381,63,15.8,3.4,0.537,18.2,3.7,0
"128","Treveon Graham","2019-2020","SG",16.8909090909091,55,6.6,0.2,0.456,4.4,1,0
"129","Jerami Grant","2019-2020","PF",26.1875,64,14.2,4,0.585,11.7,2.7,0
"130","Danny Green","2019-2020","SG",25.0645161290323,62,10.8,3.4,0.563,8,0.7,0
"131","Draymond Green","2019-2020","PF",28.4186046511628,43,12.6,1.1,0.489,8,1.9,2
"132","JaMychal Green","2019-2020","PF",20.6785714285714,56,10.7,2.7,0.556,6.5,0.8,0
"133","Jeff Green","2019-2020","PF",18.8780487804878,41,12.8,1.4,0.573,8.5,1.8,0
"134","Blake Griffin","2019-2020","PF",28.4444444444444,18,11.9,-0.1,0.476,15.5,5.4,0
"135","Rui Hachimura","2019-2020","PF",29.6904761904762,42,14,1.7,0.545,13.4,2.8,0
"136","Tim Hardaway Jr.","2019-2020","SG",29,64,15.1,4.3,0.585,15.8,2.4,0
"137","James Harden","2019-2020","SG",36.8548387096774,62,28.7,12,0.619,34.4,12,4
"138","Maurice Harkless","2019-2020","SF",23.0161290322581,62,9.7,2.7,0.572,5.8,1.1,0
"139","Montrezl Harrell","2019-2020","C",27.7619047619048,63,23.1,7,0.607,18.6,5.6,0
"140","Gary Harris","2019-2020","SG",31.7857142857143,56,9.7,2.2,0.519,10.4,1.6,0
"141","Joe Harris","2019-2020","SF",30.859375,64,12.7,3.8,0.592,14.1,1.3,0
"142","Tobias Harris","2019-2020","PF",34.5076923076923,65,16.8,5.6,0.557,19.5,2.9,0
"143","Josh Hart","2019-2020","SF",27.3275862068966,58,11.7,2.8,0.557,10.1,1.6,0
"144","Jaxson Hayes","2019-2020","C",17.0175438596491,57,17.7,3.5,0.674,7.4,3,0
"145","Gordon Hayward","2019-2020","SF",33.3913043478261,46,18.1,5,0.591,17.4,2.6,0
"146","John Henson","2019-2020","PF",15,40,17,1.4,0.578,5.5,1.2,0
"147","Juancho Hernangomez","2019-2020","PF",17.3541666666667,48,10.4,1,0.518,6,1.5,0
"148","Willy Hernangomez","2019-2020","C",12.0967741935484,31,19.2,0.8,0.576,6.1,1.9,0
"149","Tyler Herro","2019-2020","SG",27.2340425531915,47,11.4,0.9,0.534,12.8,1.6,0
"150","Mario Hezonja","2019-2020","PF",16.4583333333333,48,9.6,0.8,0.534,4.8,1.1,0
"151","Buddy Hield","2019-2020","SG",31.7538461538462,65,16,2.9,0.562,19.5,2,0
"152","George Hill","2019-2020","PG",21.3396226415094,53,17.3,5.1,0.666,9.4,1.6,0
"153","Solomon Hill","2019-2020","SF",18.3703703703704,54,9.8,1.3,0.542,5.3,0.8,0
"154","Aaron Holiday","2019-2020","PG",23.5862068965517,58,11.7,1.7,0.517,9.5,1.3,0
"155","Jrue Holiday","2019-2020","SG",34.9642857142857,56,17.5,4,0.535,19.3,3,1
"156","Justin Holiday","2019-2020","SG",24.8769230769231,65,12.7,4,0.598,8.4,0.9,0
"157","Rondae Hollis-Jefferson","2019-2020","SF",19.1923076923077,52,15.5,3.2,0.533,7.1,2.4,0
"158","Richaun Holmes","2019-2020","C",28.725,40,20.3,4.7,0.686,12.7,2.6,0
"159","Rodney Hood","2019-2020","SF",29.4761904761905,21,12.2,1.1,0.625,11,1.3,0
"160","Al Horford","2019-2020","C",30.8,60,15.6,5,0.526,12,1.2,0
"161","Danuel House Jr.","2019-2020","SF",30.1864406779661,59,11.5,3.6,0.576,10.5,1.5,0
"162","Dwight Howard","2019-2020","C",19.1269841269841,63,18.6,5.1,0.694,7.4,2.9,0
"163","Kevin Huerter","2019-2020","SG",31.4285714285714,56,11.5,1.6,0.536,12.2,1.1,0
"164","De'Andre Hunter","2019-2020","SF",32.031746031746,63,8.6,0.1,0.521,12.3,2.3,0
"165","Chandler Hutchison","2019-2020","SF",18.8214285714286,28,12.4,0.7,0.521,7.8,2.8,0
"166","Serge Ibaka","2019-2020","C",27.54,50,18,3.9,0.593,15.8,2.3,0
"167","Ersan Ilyasova","2019-2020","PF",15.9473684210526,57,15.2,3.4,0.595,6.7,1.4,0
"168","Joe Ingles","2019-2020","SF",29.9692307692308,65,12.4,4.4,0.59,9.8,1.3,0
"169","Brandon Ingram","2019-2020","PF",34.2280701754386,57,19.1,5,0.588,24.1,5.9,0
"170","Kyrie Irving","2019-2020","PG",32.9,20,26.3,2.9,0.595,27.4,5.1,1
"171","Jonathan Isaac","2019-2020","SF",29.2424242424242,33,17.3,2.5,0.552,11.9,2.3,0
"172","Wes Iwundu","2019-2020","SF",18,45,9.9,1.3,0.521,5.2,1.7,0
"173","Frank Jackson","2019-2020","PG",12.6923076923077,52,7.7,0,0.5,5.6,1.2,0
"174","Jaren Jackson Jr.","2019-2020","C",28.2727272727273,55,16.2,3.3,0.592,17.3,3.2,0
"175","Josh Jackson","2019-2020","SG",19.4736842105263,19,14.4,0.5,0.544,9.8,2.4,0
"176","Justin Jackson","2019-2020","PF",15.8813559322034,59,9.9,1.2,0.496,5.6,0.7,0
"177","Reggie Jackson","2019-2020","PG",24.5833333333333,24,14.4,0.8,0.528,12.8,2,0
"178","LeBron James","2019-2020","PG",34.9016393442623,61,25.7,9.5,0.579,25.5,5.7,13
"179","Cameron Johnson","2019-2020","PF",20.42,50,12.3,1.9,0.58,8.4,1,0
"180","James Johnson","2019-2020","PF",19.34375,32,14.8,1.2,0.572,8.4,1.5,0
"181","Tyler Johnson","2019-2020","SG",16.6875,32,8.4,0.2,0.483,5.8,1.2,0
"182","Nikola Jokic","2019-2020","C",32.3230769230769,65,25,9.2,0.604,20.2,4.2,12
"183","Damian Jones","2019-2020","C",16.1272727272727,55,15.5,2.8,0.712,5.6,1.5,0
"184","Derrick Jones Jr.","2019-2020","SF",24.4901960784314,51,14.8,3.9,0.609,8.8,2.2,0
"185","Tyus Jones","2019-2020","PG",18.9538461538462,65,15.7,2.9,0.532,7.4,0.9,0
"186","DeAndre Jordan","2019-2020","C",22.0357142857143,56,20,5.2,0.682,8.3,2.2,0
"187","Cory Joseph","2019-2020","PG",24.0769230769231,65,10.3,2.2,0.513,6.2,0.9,0
"188","Frank Kaminsky","2019-2020","C",22.0606060606061,33,14.3,1.3,0.55,10.6,2.6,0
"189","Enes Kanter","2019-2020","C",17.3461538461538,52,21.8,3.9,0.593,8.1,1.8,0
"190","Luke Kennard","2019-2020","SG",32.9285714285714,28,14.4,1.9,0.59,15.8,2.7,0
"191","Maxi Kleber","2019-2020","C",25.8059701492537,67,13.6,4.6,0.602,9,1.2,0
"192","Brandon Knight","2019-2020","PG",18.48,25,8.5,-0.1,0.503,7.3,1.4,0
"193","Kevin Knox II","2019-2020","SF",17.9384615384615,65,8.4,0.2,0.47,6.4,1.6,0
"194","Furkan Korkmaz","2019-2020","SG",21.84375,64,11.7,2.3,0.571,9.6,1.2,0
"195","Luke Kornet","2019-2020","C",15.5277777777778,36,12.7,1.1,0.539,6,0.8,0
"196","Kyle Korver","2019-2020","SF",16.6078431372549,51,11.2,2.2,0.613,6.7,0.7,0
"197","Rodions Kurucs","2019-2020","PF",12.925,40,8.7,0.6,0.559,4.2,0.8,0
"198","Kyle Kuzma","2019-2020","PF",24.7090909090909,55,11.7,1.6,0.526,12.6,2.5,0
"199","Skal Labissiere","2019-2020","C",17.1818181818182,33,15.4,1.4,0.588,5.8,1,0
"200","Jeremy Lamb","2019-2020","SG",28.0652173913043,46,14.1,2.7,0.547,12.5,2.4,0
"201","Zach LaVine","2019-2020","SG",34.75,60,19.5,4,0.568,25.5,5.6,0
"202","Jake Layman","2019-2020","PF",21.9565217391304,23,10.3,0.3,0.544,9.1,1.4,0
"203","Courtney Lee","2019-2020","SG",14.375,24,10.9,0.7,0.629,4.5,0.3,0
"204","Damion Lee","2019-2020","SG",29.0408163265306,49,12.7,1.7,0.548,12.7,2.6,0
"205","Alex Len","2019-2020","C",18.265306122449,49,18,2.3,0.596,8.3,1.9,0
"206","Kawhi Leonard","2019-2020","SF",32.2307692307692,52,26.7,7.8,0.587,26.8,7.1,1
"207","Meyers Leonard","2019-2020","C",20.1428571428571,49,11.1,2.1,0.64,6.1,0.5,0
"208","Caris LeVert","2019-2020","SG",28.975,40,15,1.1,0.507,18.1,4.3,1
"209","Damian Lillard","2019-2020","PG",37.0338983050847,59,26,9.7,0.618,28.9,7.6,1
"210","Kevon Looney","2019-2020","C",13.1,20,9.4,0,0.403,3.4,0.6,0
"211","Brook Lopez","2019-2020","C",26.6290322580645,62,14,4.7,0.538,11.2,2.1,0
"212","Robin Lopez","2019-2020","C",14.3606557377049,61,11.1,1.7,0.571,5.5,0.7,0
"213","Kevin Love","2019-2020","PF",31.7857142857143,56,17.9,3.8,0.599,17.6,3.9,0
"214","Kyle Lowry","2019-2020","PG",36.5576923076923,52,17.9,6.8,0.589,20,5.9,2
"215","Timothe Luwawu-Cabarrot","2019-2020","SG",17.3,40,9.8,1.2,0.581,6.8,1.7,0
"216","Trey Lyles","2019-2020","PF",20.1746031746032,63,12.7,2.2,0.557,6.4,0.7,0
"217","Ian Mahinmi","2019-2020","C",21.2631578947368,38,14.1,1.4,0.545,7.4,3,0
"218","Thon Maker","2019-2020","C",12.9333333333333,60,13.7,1.5,0.582,4.7,1.8,0
"219","Lauri Markkanen","2019-2020","PF",29.84,50,14.3,2.6,0.56,14.7,3.1,0
"220","Caleb Martin","2019-2020","SF",17.6111111111111,18,12,0.5,0.595,6.2,1.2,0
"221","Cody Martin","2019-2020","SF",18.8125,48,10.5,1,0.505,5,1.4,0
"222","Kelan Martin","2019-2020","SF",15.9677419354839,31,9.2,0.2,0.506,6.4,1,0
"223","Garrison Mathews","2019-2020","SG",12.6111111111111,18,13.1,0.6,0.691,5.4,1.9,0
"224","Wesley Matthews","2019-2020","SG",24.6825396825397,63,8.4,3.2,0.546,7.5,1,0
"225","Patrick McCaw","2019-2020","SF",24.5405405405405,37,7.3,1.4,0.5,4.6,0.5,0
"226","CJ McCollum","2019-2020","SG",36.1111111111111,63,17.6,3.9,0.547,22.6,2.6,0
"227","T.J. McConnell","2019-2020","PG",18.8571428571429,63,16.2,2.9,0.541,6.5,0.6,0
"228","Doug McDermott","2019-2020","PF",20.0322580645161,62,14.3,3,0.626,10.4,0.9,0
"229","JaVale McGee","2019-2020","C",16.6774193548387,62,20.2,4.6,0.656,6.7,1.2,0
"230","Rodney McGruder","2019-2020","SG",14.98,50,6.5,0.8,0.472,3.2,0.5,0
"231","Alfonzo McKinnie","2019-2020","SF",14.825,40,8.7,0.2,0.493,4.6,0.8,0
"232","Jordan McLaughlin","2019-2020","PG",19.6666666666667,30,16.3,1.6,0.587,7.6,1.3,0
"233","Ben McLemore","2019-2020","SG",22.671875,64,11.8,3.1,0.629,9.9,1,0
"234","Jordan McRae","2019-2020","SG",21.1891891891892,37,14.2,0.7,0.515,11.5,2.9,0
"235","Nicolo Melli","2019-2020","C",17.0377358490566,53,12.2,1.8,0.581,6.7,1.2,0
"236","De'Anthony Melton","2019-2020","PG",19.6415094339623,53,14.4,1.8,0.524,7.9,2.1,0
"237","Khris Middleton","2019-2020","SF",30.1071428571429,56,21.3,7.4,0.614,21.1,3.6,0
"238","Patty Mills","2019-2020","PG",22.6984126984127,63,14.7,2.6,0.589,11.6,1.8,0
"239","Paul Millsap","2019-2020","PF",24.4318181818182,44,17.7,3.4,0.598,11.9,2.8,0
"240","Shake Milton","2019-2020","SG",19.09375,32,15.2,1.7,0.633,9.2,1.5,0
"241","Donovan Mitchell","2019-2020","SG",34.390625,64,19.1,5.4,0.56,24,4.6,0
"242","Malik Monk","2019-2020","SG",21.2545454545455,55,12.7,0.7,0.53,10.3,1.8,0
"243","E'Twaun Moore","2019-2020","SG",18.6923076923077,52,11.2,0.9,0.51,8.4,0.8,0
"244","Ja Morant","2019-2020","PG",30.2,60,17.9,3.4,0.564,17.8,4.6,1
"245","Marcus Morris Sr.","2019-2020","SF-PF",31.1785714285714,56,14.5,3.1,0.564,16.9,3.7,0
"246","Markieff Morris","2019-2020","PF",20.9245283018868,53,12.4,1.2,0.568,9.8,1.5,0
"247","Monte Morris","2019-2020","PG",21.5692307692308,65,14.9,3.4,0.537,8.5,1.1,0
"248","Emmanuel Mudiay","2019-2020","PG",15.5510204081633,49,13.3,1.1,0.546,7.2,1.5,0
"249","Dejounte Murray","2019-2020","PG",24.8813559322034,59,17,2.6,0.534,10.9,1.6,0
"250","Jamal Murray","2019-2020","PG",32.8,55,17.5,4.2,0.559,18.8,3.2,0
"251","Svi Mykhailiuk","2019-2020","SF",22.5892857142857,56,11.2,1.6,0.578,9,1.3,0
"252","Abdel Nader","2019-2020","SF",15.75,48,11.2,1.1,0.58,5.9,1.3,0
"253","Larry Nance Jr.","2019-2020","C",26.2857142857143,56,17.3,3.9,0.608,10.1,1.3,0
"254","Shabazz Napier","2019-2020","PG",24.25,52,14.3,1.8,0.551,10.3,2.7,1
"255","Georges Niang","2019-2020","PF",13.3050847457627,59,11.9,1.6,0.599,5.7,0.4,0
"256","Nerlens Noel","2019-2020","C",18.4363636363636,55,21.7,4.8,0.714,7.6,1.8,0
"257","Frank Ntilikina","2019-2020","PG",20.8245614035088,57,9.8,0.9,0.497,6.3,1,0
"258","Kendrick Nunn","2019-2020","SG",29.7741935483871,62,13.5,2.4,0.545,15.6,1.5,0
"259","David Nwaba","2019-2020","SF",13.4,20,14,0.8,0.627,5.2,1.4,0
"260","Royce O'Neale","2019-2020","PF",29.1846153846154,65,9.3,4.1,0.583,6.4,0.8,0
"261","Semi Ojeleye","2019-2020","PF",14.6129032258065,62,7.5,1.7,0.557,3.1,0.4,0
"262","Jahlil Okafor","2019-2020","C",15.1428571428571,28,17.8,1.1,0.631,7.6,2.1,0
"263","Elie Okobo","2019-2020","PG",13.0925925925926,54,10.5,0.9,0.511,4,1.2,0
"264","Josh Okogie","2019-2020","SG",24.9516129032258,62,11.5,2.2,0.553,8.6,3.1,0
"265","Kelly Olynyk","2019-2020","C",18.4576271186441,59,14.7,3.2,0.64,7.9,1.4,0
"266","Cedi Osman","2019-2020","SF",29.3846153846154,65,10.7,1.6,0.552,11,1.4,0
"267","Kelly Oubre Jr.","2019-2020","SF",34.5178571428571,56,14.9,3.7,0.56,18.7,4.4,0
"268","Jabari Parker","2019-2020","PF",25.8181818181818,33,17,1.2,0.561,14.4,2.2,0
"269","Eric Paschall","2019-2020","PF",27.5666666666667,60,14.5,2.1,0.571,14,3.5,0
"270","Anzejs Pasecniks","2019-2020","C",16.875,24,11.6,0.5,0.555,5.8,2.2,0
"271","Patrick Patterson","2019-2020","PF",12.0961538461538,52,11.8,1.6,0.583,4.6,0.6,0
"272","Chris Paul","2019-2020","PG",31.7936507936508,63,21.7,8.1,0.609,17.7,4,0
"273","Elfrid Payton","2019-2020","PG",27.6888888888889,45,16,1.7,0.47,10,1.9,1
"274","Gary Payton II","2019-2020","PG",14.8965517241379,29,11.3,0.4,0.473,3.9,0.3,0
"275","Mason Plumlee","2019-2020","C",16.9811320754717,53,19.1,3,0.615,7.2,2.6,0
"276","Jakob Poeltl","2019-2020","C",16.8983050847458,59,19.5,3.4,0.606,5.3,1.3,0
"277","Jordan Poole","2019-2020","SG",22.3508771929825,57,7.2,-1.2,0.454,8.8,2.1,0
"278","Kevin Porter Jr.","2019-2020","SF",23.24,50,10.8,0.3,0.535,10,2,0
"279","Michael Porter Jr.","2019-2020","PF",13.9583333333333,48,18.5,2,0.589,7.5,0.9,0
"280","Bobby Portis","2019-2020","C",21.1060606060606,66,14.6,1.9,0.53,10.1,1.4,0
"281","Kristaps Porzingis","2019-2020","PF",31.4615384615385,52,19.7,4.5,0.543,19.8,4.7,0
"282","Dwight Powell","2019-2020","C",26.525,40,15.9,3.7,0.677,9.4,2.8,0
"283","Norman Powell","2019-2020","SG",28.8409090909091,44,17.4,4.1,0.629,16.2,2.9,0
"284","Julius Randle","2019-2020","PF",32.5,64,17.5,2.7,0.538,19.5,5.5,0
"285","Cam Reddish","2019-2020","SF",26.7413793103448,58,9,-0.4,0.5,10.5,2.2,0
"286","JJ Redick","2019-2020","SG",26.3818181818182,55,15.2,3.8,0.639,14.9,3.1,0
"287","Naz Reid","2019-2020","C",16.5,30,15.3,0.8,0.505,9,1.8,0
"288","Josh Richardson","2019-2020","SG",30.7083333333333,48,12.1,1.9,0.526,13.6,2.6,0
"289","Austin Rivers","2019-2020","SG",23.3114754098361,61,10.4,2.3,0.538,8.4,1.5,0
"290","Duncan Robinson","2019-2020","SF",29.9846153846154,65,12.8,4.7,0.678,13.3,0.9,0
"291","Glenn Robinson III","2019-2020","SF",29.05,60,13.4,2.8,0.576,11.8,1.4,0
"292","Jerome Robinson","2019-2020","SG",13.9285714285714,56,6.6,0.2,0.462,4.1,0.6,0
"293","Mitchell Robinson","2019-2020","C",23.1475409836066,61,23.5,6.8,0.726,9.7,2.4,0
"294","Rajon Rondo","2019-2020","PG",20.5,48,12.4,1.5,0.494,7.1,0.9,0
"295","Derrick Rose","2019-2020","PG",25.96,50,21.1,2.5,0.555,18.1,2.8,0
"296","Terrence Ross","2019-2020","SG",27.28125,64,14.1,2.9,0.548,14.8,2.6,0
"297","Terry Rozier","2019-2020","PG",34.3492063492063,63,14.9,3,0.553,18,3,0
"298","Ricky Rubio","2019-2020","PG",31.5689655172414,58,16.4,4.3,0.534,13.2,3.7,2
"299","D'Angelo Russell","2019-2020","PG",32.2666666666667,45,18.7,1.8,0.556,23.1,4.4,0
"300","Domantas Sabonis","2019-2020","C",34.8225806451613,62,20.8,7.6,0.586,18.5,4.8,4
"301","JaKarr Sampson","2019-2020","SF",13.0769230769231,26,11.8,0.8,0.607,4.2,0.7,0
"302","Dario Saric","2019-2020","PF",24.8983050847458,59,13.4,2.8,0.578,10.3,1.7,0
"303","Tomas Satoransky","2019-2020","PG",28.8923076923077,65,13.5,3.5,0.533,9.9,1.9,0
"304","Dennis Schroder","2019-2020","PG",30.984126984127,63,16.8,3.5,0.573,18.9,3.7,0
"305","Mike Scott","2019-2020","PF",17.7619047619048,63,10.2,2.1,0.539,5.7,0.5,0
"306","Collin Sexton","2019-2020","SG",32.9692307692308,65,16.3,2.5,0.56,20.8,4.1,0
"307","Landry Shamet","2019-2020","SG",27.4166666666667,48,8.8,2.6,0.59,9.5,1.4,0
"308","Pascal Siakam","2019-2020","PF",35.5094339622642,53,18.7,5.2,0.559,23.5,5.1,0
"309","Ben Simmons","2019-2020","PG",35.7407407407407,54,20.8,7,0.608,16.7,5.3,6
"310","Anfernee Simons","2019-2020","SG",21.5384615384615,65,9.3,0.3,0.506,8.8,1.4,0
"311","Marcus Smart","2019-2020","SG",32.462962962963,54,14.1,4.2,0.525,13.5,2.5,0
"312","Dennis Smith Jr.","2019-2020","PG",15.7941176470588,34,7.5,-0.9,0.399,5.5,1.6,0
"313","Ish Smith","2019-2020","PG",26.1639344262295,61,13.8,1.7,0.511,10.6,1.2,0
"314","Tony Snell","2019-2020","SF",27.8135593220339,59,9.7,2.6,0.598,8,0.5,0
"315","Omari Spellman","2019-2020","PF",18.0816326530612,49,14.4,1.2,0.551,7.6,1.9,0
"316","Edmond Sumner","2019-2020","PG",13.8,25,10,0.3,0.485,4.4,0.7,0
"317","Caleb Swanigan","2019-2020","PF",13.25,20,8.3,0.1,0.605,2.4,0.6,0
"318","Jayson Tatum","2019-2020","PF",34.6,60,19.9,6,0.556,23.4,4.8,0
"319","Jeff Teague","2019-2020","PG",24.8135593220339,59,14.6,2.5,0.557,10.9,3.3,0
"320","Garrett Temple","2019-2020","SG",28.0535714285714,56,10.1,2,0.505,10.1,1.4,0
"321","Daniel Theis","2019-2020","C",23.9661016949153,59,18.1,5.9,0.624,9.4,1.8,0
"322","Isaiah Thomas","2019-2020","PG",23.125,40,11.6,0,0.531,12.2,1.9,0
"323","Tristan Thompson","2019-2020","C",30.1929824561403,57,16.8,3.1,0.54,12,2.8,0
"324","Matisse Thybulle","2019-2020","SG",19.4736842105263,57,9.8,1.9,0.53,4.7,0.7,0
"325","Anthony Tolliver","2019-2020","PF",15.5625,48,6.7,0.3,0.497,3.4,0.6,0
"326","Karl-Anthony Towns","2019-2020","C",33.9142857142857,35,26.5,5.1,0.642,26.5,6.5,0
"327","Gary Trent Jr.","2019-2020","SG",20.1111111111111,54,12.1,1.7,0.562,8.1,0.7,0
"328","Allonzo Trier","2019-2020","PG",12.125,24,14.5,0.5,0.62,6.5,1.8,0
"329","P.J. Tucker","2019-2020","PF",34.4923076923077,65,8.7,4,0.583,7.2,0.7,0
"330","Evan Turner","2019-2020","PG",13.2105263157895,19,6.8,-0.3,0.424,3.3,0.7,0
"331","Myles Turner","2019-2020","C",29.6,55,14.7,3.7,0.561,11.8,2.6,0
"332","Jonas Valanciunas","2019-2020","C",26.1111111111111,63,22.5,6.3,0.635,14.9,2.8,0
"333","Denzel Valentine","2019-2020","SF",13.5555555555556,36,13,0.5,0.511,6.8,0.2,0
"334","Fred VanVleet","2019-2020","PG",35.8125,48,16,4.9,0.546,17.5,3.4,0
"335","Nikola Vucevic","2019-2020","C",32.5454545454545,55,21.7,5.7,0.543,19.6,2.8,0
"336","Moritz Wagner","2019-2020","C",18.9736842105263,38,16.2,1.7,0.663,9.1,2.1,0
"337","Kemba Walker","2019-2020","PG",31.5882352941176,51,20.3,5.5,0.571,21,4.4,0
"338","Lonnie Walker IV","2019-2020","SG",14.7962962962963,54,11.2,0.5,0.52,5.9,1,0
"339","Taurean Prince","2019-2020","SF",29.015625,64,9.2,0.7,0.497,12.1,1.4,0
"340","Brad Wanamaker","2019-2020","PG",19.390625,64,12,2.9,0.562,6.6,1.8,0
"341","T.J. Warren","2019-2020","SF",32.5245901639344,61,17.2,5.3,0.599,19.2,3.1,0
"342","P.J. Washington","2019-2020","PF",30.3275862068966,58,12.4,2,0.547,12.2,2.3,0
"343","Russell Westbrook","2019-2020","PG",36.0740740740741,54,21.4,4.3,0.537,27.6,6.7,8
"344","Coby White","2019-2020","SG",25.7538461538462,65,11.9,0.9,0.506,13.2,2,0
"345","Derrick White","2019-2020","SG",24.2258064516129,62,16.1,3.5,0.59,10.7,3,0
"346","Hassan Whiteside","2019-2020","C",31.0967741935484,62,25,8.2,0.641,16,3.6,0
"347","Andrew Wiggins","2019-2020","SF-SG",34.4074074074074,54,16.4,1.9,0.536,21.8,5,1
"348","Grant Williams","2019-2020","PF",15.4603174603175,63,8,1.5,0.508,3.4,0.8,0
"349","Kenrich Williams","2019-2020","PF",22.2571428571429,35,7.6,0.8,0.43,3.7,0.7,0
"350","Lou Williams","2019-2020","SG",29.2833333333333,60,17.2,3.9,0.546,18.7,5.4,0
"351","Marvin Williams","2019-2020","PF",19.4423076923077,52,11.4,2.1,0.585,6.1,1,0
"352","Zion Williamson","2019-2020","PF",29,20,24.1,1.8,0.628,22.3,7.4,0
"353","Christian Wood","2019-2020","PF",21.3709677419355,62,23.2,5.1,0.659,13.1,3.9,0
"354","Delon Wright","2019-2020","SG",21.6212121212121,66,16,4.3,0.564,7.2,1.4,0
"355","Thaddeus Young","2019-2020","PF",24.859375,64,13.3,1.9,0.521,10.3,1.1,0
"356","Trae Young","2019-2020","PG",35.3333333333333,60,23.9,5.9,0.595,29.6,9.3,2
"357","Cody Zeller","2019-2020","C",23.1206896551724,58,18.8,3.6,0.576,11.1,3.1,0
"358","Ivica Zubac","2019-2020","C",18.0307692307692,65,20.7,5.6,0.64,7.9,2.3,0
